,music,name
0,0.0,uwUkp63db18.005.wav
1,1.0,rUGAiuYHNgE.002.wav
2,1.0,X1EjfXX3NTk.000.wav
3,0.0,zNmuwZkaeVg.001.wav
4,1.0,X1EjfXX3NTk.002.wav
5,0.0,uwUkp63db18.004.wav
6,0.0,yOzHZOg95Ug.000.wav
7,0.0,v5hZeuRW6m0.003.wav
8,0.0,KnbEca4Ibwk.005.wav
9,0.0,1ajEXdEsJ-k.002.wav
10,1.0,nB-fPmvZg3U.004.wav
11,0.0,jxt1W2WRNHQ.003.wav
12,0.0,ztyBhnjtrz0.000.wav
13,0.0,0iQIfGnKflc.002.wav
14,1.0,N4tuu9aCXkw.003.wav
15,1.0,yVSfQZGt1co.004.wav
16,0.0,zMXIf66PPhU.004.wav
17,1.0,OeT6Skotv7g.004.wav
18,1.0,eXtskPoi58A.001.wav
19,0.0,98fnGDVky00.001.wav
20,1.0,CTWMisL_HlI.000.wav
21,1.0,QipgesEKSNA.002.wav
22,0.0,vfqYI2QmfeU.003.wav
23,1.0,cXqH7_dYM_k.001.wav
24,1.0,tS6bRcIIjDc.003.wav
25,1.0,X1EjfXX3NTk.004.wav
26,0.0,2TXrDZgbDHE.002.wav
27,1.0,aqd4_4ga1fQ.004.wav
28,0.0,nBjBfN9SbpM.004.wav
29,0.0,8g5jPiQ6XdA.003.wav
30,0.0,8bn3HZY76xU.001.wav
31,1.0,p_wf-KszNlk.001.wav
32,0.0,mhF4kYTlVUE.002.wav
33,1.0,NyQ2K2J3N0s.002.wav
34,1.0,K63T9l1xY7U.003.wav
35,0.0,hrat_RJczFM.004.wav
36,1.0,3WoXkI06zGk.001.wav
37,0.0,36NZ0sHWQFg.001.wav
38,0.0,Etfh8X-ECtY.001.wav
39,1.0,fYUcoKDyRiU.001.wav
40,1.0,Qa-yF-tByDM.001.wav
41,1.0,YjXUMygVw7U.002.wav
42,1.0,niWi1hcuSmo.004.wav
43,1.0,qoZwA4ESb7g.000.wav
44,0.0,_kK9tGN883Y.003.wav
45,1.0,Bo-mrL28d8M.002.wav
46,0.0,L_gmlaz-0s4.004.wav
47,0.0,GwKmjEb3qN0.004.wav
48,1.0,m4KKYcD6CZw.002.wav
49,1.0,PdE7qRRCz2c.000.wav
50,0.0,ztyBhnjtrz0.001.wav
51,1.0,X7S71Som15M.001.wav
52,0.0,sOkGz6gEmGk.004.wav
53,1.0,UANQntvIqVk.001.wav
54,1.0,keW8-eSiQ70.002.wav
55,1.0,SR1Q5M2urxY.005.wav
56,0.0,TJJJfJfj46M.003.wav
57,0.0,8bn3HZY76xU.004.wav
58,1.0,mIQnQ8Nmj-c.000.wav
59,0.0,Z3E1jkaNRKs.004.wav
60,1.0,Tg8a_iNEamM.003.wav
61,0.0,yOzHZOg95Ug.002.wav
62,0.0,GwKmjEb3qN0.001.wav
63,1.0,p5v75vAZ7F0.005.wav
64,1.0,USicjVA1trA.003.wav
65,1.0,RtNylXap2qk.001.wav
66,0.0,YPnuq0tDDqk.003.wav
67,1.0,cgGCyBMdGrA.003.wav
68,1.0,cgGCyBMdGrA.004.wav
69,0.0,wK_ExIjn5Q8.005.wav
70,1.0,Lj1WuMXFa-4.005.wav
71,1.0,XPV4pavXh94.000.wav
72,1.0,UvX6ctu2ObM.003.wav
73,0.0,yOzHZOg95Ug.005.wav
74,0.0,yOzHZOg95Ug.003.wav
75,1.0,W7BbL3NZvrU.003.wav
76,1.0,mwjoabuP-GM.005.wav
77,1.0,1Lv72Si4GnY.001.wav
78,0.0,R-qB2FX7ZbE.002.wav
79,1.0,RQeoo3idUJc.005.wav
80,1.0,nex61B854Ms.003.wav
81,1.0,k4eeYoHtnnI.002.wav
82,0.0,PgpMUHH8lEI.005.wav
83,1.0,PKe86w7jSGE.004.wav
84,1.0,vIW7gDmhYMk.001.wav
85,0.0,hrat_RJczFM.002.wav
86,1.0,vE9XgQL7DGE.003.wav
87,1.0,rD6NViDdyOU.001.wav
88,0.0,encC96iqr9Y.001.wav
89,0.0,VoPuhcQc_mg.003.wav
90,0.0,ssxo35zmKWQ.001.wav
91,1.0,shEsu57CYnA.005.wav
92,0.0,sDWJMBZ1mVA.000.wav
93,0.0,SRjhmQTPOmA.003.wav
94,1.0,RdHnu7ZxjzI.002.wav
95,1.0,KppCIwj0hC4.004.wav
96,0.0,BS0wgLXqFgc.004.wav
97,1.0,fEC3lEDxRnc.002.wav
98,1.0,w4cZStXMUII.003.wav
99,1.0,cx8IycWgMVs.000.wav
100,0.0,04oq2yrBwMg.002.wav
101,0.0,iPblZBQpafs.003.wav
102,0.0,EelHLfeSJfM.001.wav
103,1.0,me9kzWYVEoI.001.wav
104,1.0,bBqZyG-9ksM.000.wav
105,0.0,geji1U2YAvg.003.wav
106,1.0,Nv0-x4K9YFI.004.wav
107,1.0,-rxiLMvlZqM.002.wav
108,1.0,qoZwA4ESb7g.003.wav
109,0.0,jKHaHWuaU14.000.wav
110,1.0,r93dLeVRk3U.005.wav
111,0.0,8voP9HTSffg.000.wav
112,1.0,R0RURVpmU9M.004.wav
113,1.0,DegRGUG4Wi0.005.wav
114,1.0,t6-ljEWQjW8.005.wav
115,1.0,be0DQawtVkE.004.wav
116,0.0,sDWJMBZ1mVA.003.wav
117,1.0,l-WgXcGLdZk.002.wav
118,1.0,SPD5fXHVyIk.001.wav
119,0.0,uoLDJJMK5Gw.003.wav
120,0.0,WD1WsbooU2w.005.wav
121,1.0,qtB-CogljAo.002.wav
122,0.0,mpXOSY5dW7c.004.wav
123,0.0,mZzWhUI0CP0.004.wav
124,0.0,zyGz_H1UTnQ.001.wav
125,1.0,7IegDaeNlik.004.wav
126,1.0,RpJkD_vCi0A.001.wav
127,1.0,iOB65zCiOFM.000.wav
128,0.0,6JfSPPVUgIg.001.wav
129,1.0,LP5N5uPfTdA.003.wav
130,1.0,cgp1OzTOq1o.005.wav
131,1.0,5bi_PM3XMEQ.005.wav
132,0.0,lnawWqnGpMc.002.wav
133,1.0,kHK5PkwJS7Y.003.wav
134,0.0,zNmuwZkaeVg.004.wav
135,1.0,kQ8HhrysfaA.003.wav
136,0.0,EL1Q7x_1a74.000.wav
137,0.0,XN5vpJU3ifw.000.wav
138,1.0,ezMO8EHKAVw.000.wav
139,1.0,tS6bRcIIjDc.000.wav
140,1.0,grhDDOLsBho.005.wav
141,1.0,pru5ut4lxkQ.004.wav
142,1.0,US4PxgfKDeA.001.wav
143,0.0,KTdbKiGFzJY.000.wav
144,1.0,853IG69l2SE.000.wav
145,0.0,7qGYGbIg45c.002.wav
146,1.0,Bn5QwANp5LM.004.wav
147,0.0,E3z1D7CKoOA.004.wav
148,1.0,1W7XLdNpEgc.001.wav
149,0.0,g24JGYuT74A.003.wav
150,1.0,QQzeQOoqO20.001.wav
151,0.0,XbsA_lCKQLs.003.wav
152,0.0,2TMl5EMrdVI.003.wav
153,1.0,7rZF73nDGEY.003.wav
154,0.0,XN5vpJU3ifw.002.wav
155,0.0,jwcSbw4NDn0.004.wav
156,0.0,WTzDOt2GO1M.002.wav
157,0.0,lnawWqnGpMc.004.wav
158,1.0,Fco1CMgOadI.004.wav
159,0.0,4fN-DKUzgWQ.002.wav
160,0.0,c7tczvW3_dQ.000.wav
161,1.0,jPpZkVzQywk.004.wav
162,1.0,hIFNZ_ycngg.000.wav
163,0.0,Vd9biSOZ5CI.002.wav
164,1.0,LsPKxJgefks.003.wav
165,1.0,qpwcdPnPeFM.000.wav
166,1.0,UVMEzA3yHsM.003.wav
167,0.0,fipvPdFbKN4.001.wav
168,1.0,WosLI6krxUg.004.wav
169,0.0,98fnGDVky00.004.wav
170,0.0,uDm7iZuX5DQ.001.wav
171,0.0,fUf2XzWpSVo.002.wav
172,1.0,YdxS3f4HXaA.003.wav
173,1.0,mIQnQ8Nmj-c.005.wav
174,1.0,Lz3hYPF6aIM.003.wav
175,1.0,xq0-QVHxp-Q.005.wav
176,1.0,LRczShwIVbM.005.wav
177,1.0,iWyAQkMVNfM.003.wav
178,0.0,c2LeNguVNrI.001.wav
179,1.0,Rops7WYMCCY.003.wav
180,1.0,3VTL2kFt17M.003.wav
181,0.0,yOzHZOg95Ug.001.wav
182,1.0,5bi_PM3XMEQ.001.wav
183,1.0,mZQP06F94u8.004.wav
184,1.0,qoZwA4ESb7g.002.wav
185,0.0,fk_ggmC872E.000.wav
186,1.0,9AsxY-x-TjM.000.wav
187,1.0,Rops7WYMCCY.000.wav
188,0.0,Bo-mrL28d8M.003.wav
189,0.0,GwKmjEb3qN0.000.wav
190,1.0,XvV4YdhpC2w.005.wav
191,1.0,PRplbrM70sg.002.wav
192,1.0,RdHnu7ZxjzI.000.wav
193,0.0,VUGWfw5PVLY.002.wav
194,1.0,tS6bRcIIjDc.004.wav
195,0.0,hrat_RJczFM.000.wav
196,0.0,cOirMOCpdo8.001.wav
197,0.0,jKHaHWuaU14.003.wav
198,0.0,VoPuhcQc_mg.004.wav
199,1.0,rUGAiuYHNgE.000.wav
200,1.0,ZGox7tevC6A.005.wav
201,0.0,2TbU3Eg2i4A.002.wav
202,1.0,uEBTnI1zqhs.001.wav
203,1.0,USicjVA1trA.000.wav
204,0.0,mZzWhUI0CP0.002.wav
205,1.0,JiXJeI5_jGM.001.wav
206,1.0,a5NTqK367wo.005.wav
207,1.0,eD4b8sM-Tpw.004.wav
208,0.0,zNmuwZkaeVg.002.wav
209,0.0,UMMhvyjgRnM.004.wav
210,0.0,FkuwzJcoRVI.001.wav
211,0.0,AWe6ZZUmlZw.005.wav
212,0.0,Qu81v9Aybv4.005.wav
213,1.0,rUGAiuYHNgE.005.wav
214,0.0,_kK9tGN883Y.005.wav
215,1.0,RtNylXap2qk.005.wav
216,0.0,Bo-mrL28d8M.001.wav
217,0.0,7qGYGbIg45c.003.wav
218,0.0,mpXOSY5dW7c.001.wav
219,0.0,7qGYGbIg45c.000.wav
220,0.0,IlbODduDCb4.001.wav
221,0.0,tomb22yfjTc.000.wav
222,1.0,_ZjEr8ybbFM.005.wav
223,1.0,u0NIAbS0mDM.001.wav
224,0.0,RlUuWWWFrhM.005.wav
225,0.0,PgpMUHH8lEI.000.wav
226,0.0,GS7cBLgZKgk.002.wav
227,0.0,AZ2HyBOmliQ.000.wav
228,1.0,CcVuoHZqp6k.004.wav
229,1.0,Gl93Hw1A2kY.003.wav
230,0.0,zwO2zBdbCb4.002.wav
231,1.0,d-cZdeTp0jo.000.wav
232,1.0,cFGjJg-2zOk.002.wav
233,1.0,3VyriB3isO8.001.wav
234,0.0,NpiglwrZzsA.000.wav
235,1.0,IveGfOJ86wY.002.wav
236,0.0,Z5S5uGXkNuc.001.wav
237,1.0,UD-8YYU7GZs.000.wav
238,0.0,zwO2zBdbCb4.004.wav
239,1.0,OcS4H_dFeOc.004.wav
240,0.0,WD1WsbooU2w.004.wav
241,0.0,PHv6CzBIC5E.001.wav
242,0.0,uDm7iZuX5DQ.000.wav
243,1.0,ezMO8EHKAVw.004.wav
244,1.0,squHxV3QXlQ.005.wav
245,1.0,M39PNQ8Omhc.002.wav
246,1.0,knpgk7LAMb0.004.wav
247,0.0,Z3FdUfZLHyw.002.wav
248,1.0,oGa05H9UXxU.002.wav
249,0.0,521sm7CTyfg.000.wav
250,1.0,495hLlCEW64.002.wav
251,1.0,p5v75vAZ7F0.003.wav
252,1.0,xq0-QVHxp-Q.003.wav
253,1.0,fEC3lEDxRnc.000.wav
254,0.0,XfUqFt2amrM.003.wav
255,0.0,FkuwzJcoRVI.002.wav
256,1.0,_2DSmy36OEM.005.wav
257,1.0,mZQP06F94u8.005.wav
258,1.0,sHafPWyXs6k.002.wav
259,1.0,Z-CIdOjWcKc.001.wav
260,1.0,QQzeQOoqO20.002.wav
261,1.0,9UWCHrG5mys.001.wav
262,1.0,9ND95tPlYt4.000.wav
263,1.0,eD4b8sM-Tpw.000.wav
264,0.0,_kK9tGN883Y.004.wav
265,0.0,Yj36y7ELRZE.001.wav
266,1.0,V9OuGDPnqHI.004.wav
267,1.0,N4tuu9aCXkw.002.wav
268,1.0,KmHe8urs3LI.000.wav
269,0.0,4OKYywIqnqg.004.wav
270,0.0,R-qB2FX7ZbE.001.wav
271,1.0,YNlhBpVk1tw.002.wav
272,1.0,cT3oyHhUznw.003.wav
273,1.0,qpwcdPnPeFM.004.wav
274,0.0,hrat_RJczFM.001.wav
275,0.0,XbsA_lCKQLs.002.wav
276,0.0,2TXrDZgbDHE.005.wav
277,1.0,dvMeqVbpKW8.004.wav
278,1.0,1Wh2mIFrGvk.001.wav
279,1.0,hl70w5drc_4.005.wav
280,1.0,SEELGB_-uWU.002.wav
281,0.0,Gk94xrcmFts.003.wav
282,0.0,siEnTktB4lQ.004.wav
283,1.0,Q0C0OU-j4DA.004.wav
284,1.0,5Wfa94_5Psg.004.wav
285,0.0,8HqEniErmmE.000.wav
286,1.0,L-rmZZP_wj8.001.wav
287,1.0,-fqiCqZtgYs.005.wav
288,1.0,VJuVsi6G96s.004.wav
289,0.0,vYkHHVeNK_M.000.wav
290,0.0,foj4bqLSmF8.003.wav
291,0.0,0tse0Fsy_rg.004.wav
292,0.0,tomb22yfjTc.002.wav
293,0.0,Gk94xrcmFts.000.wav
294,0.0,lnawWqnGpMc.000.wav
295,0.0,YPnuq0tDDqk.000.wav
296,0.0,9QGTbcqb2tM.004.wav
297,1.0,bzaOB8BoWPU.000.wav
298,0.0,PgpMUHH8lEI.004.wav
299,0.0,BS0wgLXqFgc.001.wav
300,0.0,Wx3BaKp74Ig.001.wav
301,0.0,vYkHHVeNK_M.001.wav
302,0.0,E6OBPHKkm6U.002.wav
303,1.0,VAZLQqJa9rQ.004.wav
304,1.0,ZGox7tevC6A.003.wav
305,0.0,Ea0UKBPCm3Q.001.wav
306,0.0,c7tczvW3_dQ.002.wav
307,1.0,2T3oK1Gse2g.004.wav
308,1.0,zEyRyTnIw5I.001.wav
309,1.0,qoZwA4ESb7g.001.wav
310,1.0,YjXUMygVw7U.004.wav
311,1.0,VJuVsi6G96s.005.wav
312,0.0,1Kb5d-w3YJ8.002.wav
313,0.0,98fnGDVky00.000.wav
314,0.0,WD1WsbooU2w.001.wav
315,0.0,98fnGDVky00.003.wav
